{
    "basedOn": "MainMenuPanelHD.json",
    "type": "MainMenuHDPanel", "name": "MainMenuPanel",
    "fields": {
        "defaultWidget": "QuickPlayButton",
    },
    "children": [
        {
            "type": "Camera3DWidget", "name": "Act1Camera",
        },
        {
            "type": "Camera3DWidget", "name": "Act2Camera",
        },
        {
            "type": "Camera3DWidget", "name": "Act3Camera",
        },
        {
            "type": "Camera3DWidget", "name": "Act4Camera",
        },
        {
            "type": "Camera3DWidget", "name": "Act5Camera",
        },
        {
            "type": "PlayerLoaderWidget", "name": "PreloadAmazon",
        },
        {
            "type": "PlayerLoaderWidget", "name": "PreloadSorceress",
        },
        {
            "type": "PlayerLoaderWidget", "name": "PreloadNecromancer",
        },
        {
            "type": "PlayerLoaderWidget", "name": "PreloadPaladin",
        },
        {
            "type": "PlayerLoaderWidget", "name": "PreloadBarbarian",
        },
        {
            "type": "PlayerLoaderWidget", "name": "PreloadDruid",
        },
        {
            "type": "PlayerLoaderWidget", "name": "PreloadAssassin",
        },
        {
            "type": "PlayerLoaderWidget", "name": "Player",
        },
        {
            "type": "PlayerMoverWidget", "name": "Act1Player",
        },
        {
            "type": "PlayerMoverWidget", "name": "Act2Player",
        },
        {
            "type": "PlayerMoverWidget", "name": "Act3Player",
        },
        {
            "type": "PlayerMoverWidget", "name": "Act4Player",
        },
        {
            "type": "PlayerMoverWidget", "name": "Act5Player",
        },
        {
            "type": "ButtonWidget", "name": "OnlinePlaySettingsButton",
            "fields": {
                "focusIndicatorFilename": "Controller/HoverImages/OnlineGameplay_Hover",
                "focusIndicatorOffset": { "x": 0, "y": 0 },
                "navigation": {
                    "up": { "name": "QuickPlayButton" },
                },
            }
        },
        {
            "type": "ButtonWidget", "name": "QuickPlayButton",
            "fields": {
                "focusIndicatorFilename": "Controller/HoverImages/FrontEndButtonLarge_Hover",
                "focusIndicatorOffset": { "x": 0, "y": 0 },
                "navigation": {
                    "down": { "name": "OnlinePlaySettingsButton" },
                    "left": { "panelBoundary": true },
                    "right": { "name": "SecondaryContextButton" },
		    "up": {"name": "NightmarePlayButton"},
                },
            }
        },
	{
            "type": "ImageWidget", "name": "Divider",
        },
        {
            "type": "ButtonWidget", "name": "SecondaryContextButton",
            "fields": {
                "focusIndicatorFilename": "Controller/HoverImages/FrontEndButtonLarge_Hover",
                "focusIndicatorOffset": { "x": 0, "y": 0 },
                "navigation": {
                    "left": { "name": "QuickPlayButton" },
                    "right": { "panelBoundary": true },
                },
            }
        },
		{
            "type": "ButtonWidget", "name": "NormalPlayButton",
            "fields": {
                "focusIndicatorOffset": { "x": 0, "y": 0 },
				"navigation": {
                    "down": { "name": "NightmarePlayButton" },
                    "left": { "panelBoundary": true },
                    "right": { "name": "SecondaryContextButton" },
                },
            }
        },
		{
            "type": "ButtonWidget", "name": "NightmarePlayButton",
            "fields": {
                "focusIndicatorOffset": { "x": 0, "y": 0 },
				"navigation": {
                    "down": { "name": "QuickPlayButton" },
                    "left": { "panelBoundary": true },
                    "right": { "name": "SecondaryContextButton" },
		    "up": {"name": "NormalPlayButton"},
                },
            }
        },

    ]
}
