{
    "type": "HelpPanel", "name": "HelpPanel",
    "fields": {
        "priority": 300,
        "fitToParent": true,
        "childFormats": [

			
        ],
    },
    "children": [
        {
            "type": "RectangleWidget", "name": "TransparentBG",
            "fields": {
                "fitToScreen": true,
                "color": [ 0.0, 0.0, 0.0, 0.0 ]
            },
            "children": [
                {
                    "type": "ClickCatcherWidget", "name": "catcher",
                    "fields": {
                        "fitToParent": true
                    }
                },  
            ]
        },
        {
            "type": "Widget", "name": "CenterSection",
            "fields": {
                "anchor": { "x": 0.5, "y": 0.5 },
                "rect": { "x": -45, "y": -785 },
            },
            "children": [

                // Text
                {
                    "type": "TextBoxWidget", "name": "Title",
                    "fields": {
                        "rect": { "x": 0, "y": -150 },
                        "text": "@Strhelp1",
                        "style": {
                            "fontColor": "$FontColorGoldYellow",
                            "pointSize": "$ExtraLargeFontSize",
                            "alignment": { "v": "center", "h": "center" }
                        }
                    }
                },
				{
                    "type": "ImageWidget", "name": "helptool",
                    "fields": {
                        "rect": { "x": -1400, "y": -150},
                        "filename": "PANEL/seonhee_help_S2",
                    }
                },
                // White text
                {
                    "type": "TextBoxWidget", "name": "HelpHealth", //열심히 만든놈
                    "fields": {
                        "rect": { "x": -1300, "y": -200 },
                        "text": "@StrHelp9",
                        "fontType": "12ptF",
                        "style": {
                            "fontColor": "$FontColorGoldYellow",
                            "pointSize": "$MediumLargeFontSize",
                            "alignment": { "h": "left" }
                        }
                    }
                },
                // Indicator lines

            ]
        },
        // Right Anchored Panel
        {
            "type": "Widget", "name": "RightSection",
            "fields": {
                "anchor": { "x": 1.0, "y": 1.0 },
                "rect": { "x": -230, "y": -2000 },
            },
            "children": [
                {
                    "type": "ButtonWidget", "name": "Close",
                    "fields": {
                        "rect": { "x": 95, "y": -100 },
                        "tooltipString": "@strClose",
                        "sound": "cursor_close_window_hd",
                        "onClickMessage": "PanelManager:ClosePanel:HelpPanel",
                        "filename": "PANEL/closebtn_4x",
                    }
                },
                // Warnings
                {
                    "type": "TextBoxWidget", "name": "HostileLabel",
                    "fields": {
                        "rect": { "x": -30, "y": -90 },
                        "text": "@StrHDHelpHostileStatus",
                        "fontType": "12ptF",
                        "style": {
                            "fontColor": "$FontColorGoldYellow",
                            "pointSize": "$MediumLargeFontSize",
                            "alignment": { "v": "left", "h": "center" }
                        }
                    }
                },
				{
					"type": "ButtonWidget", "name": "hudStr2", //rune
					"fields": {
						"rect": { "x": 95, "y": 100 },
						"tooltipString": "@hudpanelStr2",
						"filename": "PANEL/seonhee_hud2",
					}
				},
				{
					"type": "ButtonWidget", "name": "hudStr10", //jewel
					"fields": {
						"rect": { "x": 95, "y": 200 },
						"tooltipString": "@hudpanelStr10",
						"filename": "PANEL/seonhee_hud10",
					}
				},
				{
					"type": "ButtonWidget", "name": "hudStr3",
					"fields": {
						"rect": { "x": 95, "y": 300 },
						"tooltipString": "@hudpanelStr3",
						"filename": "PANEL/seonhee_hud3",
					}
				},
				{
					"type": "ButtonWidget", "name": "hudStr4",
					"fields": {
						"rect": { "x": 95, "y": 400 },
						"tooltipString": "@hudpanelStr4",
						"filename": "PANEL/seonhee_hud4",
					}
				},
				{
					"type": "ButtonWidget", "name": "hudStr5",
					"fields": {
						"rect": { "x": 95, "y": 500 },
						"tooltipString": "@hudpanelStr5",
						"filename": "PANEL/seonhee_hud5",
					}
				},
				{
					"type": "ButtonWidget", "name": "hudStr6",
					"fields": {
						"rect": { "x": 95, "y": 600 },
						"tooltipString": "@hudpanelStr6",
						"filename": "PANEL/seonhee_hud6",
					}
				},
				{
					"type": "ButtonWidget", "name": "hudStr7",
					"fields": {
						"rect": { "x": 95, "y": 700 },
						"tooltipString": "@hudpanelStr7",
						"filename": "PANEL/seonhee_hud7",
					}
				},
				{
					"type": "ButtonWidget", "name": "hudStr8",
					"fields": {
						"rect": { "x": 95, "y": 800 },
						"tooltipString": "@hudpanelStr8",
						"filename": "PANEL/seonhee_hud8",
					}
				},
				{
					"type": "ButtonWidget", "name": "hudStr9",
					"fields": {
						"rect": { "x": 95, "y": 900 },
						"tooltipString": "@hudpanelStr9",
						"filename": "PANEL/seonhee_hud9",
					}
				},
            ]
        },
        // Left Anchored Panel
        {
            "type": "Widget", "name": "LeftSection",
            "fields": {
                "anchor": { "x": 0, "y": 0 },
                "rect": { "x": 250, "y": 250 },
            },
            "children": [
                // Ally Display
 
            ]
        },
    ]
}
