{
    "type": "HelpPanel", "name": "HelpPanel",
    "fields": {
        "priority": 300,
        "fitToParent": true,
        "childFormats": [

			
        ],
    },
    "children": [
        {
            "type": "RectangleWidget", "name": "TransparentBG",
            "fields": {
                "fitToScreen": true,
                "color": [ 0.0, 0.0, 0.0, 0.0 ]
            },
            "children": [
                {
                    "type": "ClickCatcherWidget", "name": "catcher",
                    "fields": {
                        "fitToParent": true
                    }
                },  
            ]
        },
        {
            "type": "Widget", "name": "CenterSection",
            "fields": {
                "anchor": { "x": 0.5, "y": 0.5 },
                "rect": { "x": -45, "y": -785 },
            },
            "children": [

                // Text
                {
                    "type": "TextBoxWidget", "name": "RETitle",
                    "fields": {
                        "rect": { "x": 0, "y": -150 },
                        "text": "@Strhelp1",
                        "style": {
                            "fontColor": "$FontColorGoldYellow",
                            "pointSize": "$ExtraLargeFontSize",
                            "alignment": { "v": "center", "h": "center" }
                        }
                    }
                },
				{
                    "type": "ImageWidget", "name": "helptool",
                    "fields": {
                        "rect": { "x": -1300, "y": -100},
                        "filename": "PANEL/seonhee_help",
                    }
                },
                // All widgets below should use FONT_FORMAL_12PT
                // Gameplay
				{
                    "type": "ImageWidget", "name": "RErune_Help",
                    "fields": {
                        "rect": { "x": -1300, "y": 900},
                        "filename": "PANEL/rune3",
                    }
                },
				{
                    "type": "ImageWidget", "name": "REchara_fastcast",
                    "fields": {
                        "rect": { "x": 0, "y": 902},
                        "filename": "PANEL/character_fastcasting",
                    }
                },
				
                // White text
                {
                    "type": "TextBoxWidget", "name": "REHelpHealth", //열심히 만든놈
                    "fields": {
                        "rect": { "x": -1300, "y": -200 },
                        "text": "@StrHelp9",
                        "fontType": "12ptF",
                        "style": {
                            "fontColor": "$FontColorGoldYellow",
                            "pointSize": "$MediumLargeFontSize",
                            "alignment": { "h": "left" }
                        }
                    }
                },


                // Indicator lines

            ]
        },
        // Right Anchored Panel
        {
            "type": "Widget", "name": "RightSection",
            "fields": {
                "anchor": { "x": 1.0, "y": 1.0 },
                "rect": { "x": -230, "y": -2000 },
            },
            "children": [
                {
                    "type": "ButtonWidget", "name": "Close",
                    "fields": {
                        "rect": { "x": 95, "y": -100 },
                        "tooltipString": "@strClose",
                        "sound": "cursor_close_window_hd",
                        "onClickMessage": "PanelManager:ClosePanel:HelpPanel",
                        "filename": "PANEL/closebtn_4x",
                    }
                },
                // Warnings
                {
                    "type": "TextBoxWidget", "name": "HostileLabel",
                    "fields": {
                        "rect": { "x": -30, "y": -90 },
                        "text": "@StrHDHelpHostileStatus",
                        "fontType": "12ptF",
                        "style": {
                            "fontColor": "$FontColorGoldYellow",
                            "pointSize": "$MediumLargeFontSize",
                            "alignment": { "v": "left", "h": "center" }
                        }
                    }
                },
            ]
        },
        // Left Anchored Panel
        {
            "type": "Widget", "name": "LeftSection",
            "fields": {
                "anchor": { "x": 0, "y": 0 },
                "rect": { "x": 250, "y": 250 },
            },
            "children": [
                // Ally Display
 
            ]
        },
    ]
}
