﻿[
  {
    "id": 10902,
    "Key": "r16",
    "enUS": "ÿc1(16) ÿc8Io Rune",
    "zhTW": "符文：破",
    "deDE": "[fs]Io-Rune",
    "esES": "[fs]la runa Io",
    "frFR": "[fs]Rune Io",
    "itIT": "[fs]Runa Io",
    "koKR": "ÿc1(16) ÿc8포 룬",
    "plPL": "Runa Io"
  },
  {
    "id": 10903,
    "Key": "r16L",
    "enUS": "Io",
    "zhTW": "破",
    "deDE": "Io",
    "esES": "Io",
    "frFR": "Io",
    "itIT": "Io",
    "koKR": "포",
    "plPL": "Io"
  },
  {
    "id": 10904,
    "Key": "r13",
    "enUS": "ÿc1(13) ÿc8Shael Rune",
    "zhTW": "符文：夏",
    "deDE": "[fs]Shael-Rune",
    "esES": "[fs]la runa Shael",
    "frFR": "[fs]Rune Shael",
    "itIT": "[fs]Runa Shael",
    "koKR": "ÿc1(13) ÿc8샤에 룬",
    "plPL": "Runa Shael"
  },
  {
    "id": 10905,
    "Key": "r13L",
    "enUS": "Shael",
    "zhTW": "夏",
    "deDE": "Shael",
    "esES": "Shael",
    "frFR": "Shael",
    "itIT": "Shael",
    "koKR": "샤에",
    "plPL": "Shael"
  },
  {
    "id": 10906,
    "Key": "r31",
    "enUS": "ÿc1(31) ÿc8Jah Rune ÿc2**",
    "zhTW": "符文：喬",
    "deDE": "[fs]Jah-Rune",
    "esES": "[fs]la runa Jah",
    "frFR": "[fs]Rune Jah",
    "itIT": "[fs]Runa Jah",
    "koKR": "ÿc1(31) ÿc8조 룬 ÿc2**",
    "plPL": "Runa Jah"
  },
  {
    "id": 10907,
    "Key": "r31L",
    "enUS": "Jah",
    "zhTW": "喬",
    "deDE": "Jah",
    "esES": "Jah",
    "frFR": "Jah",
    "itIT": "Jah",
    "koKR": "조",
    "plPL": "Jah"
  },
  {
    "id": 10910,
    "Key": "Runeword22",
    "enUS": "Delirium",
    "zhTW": "迪勒瑞姆",
    "deDE": "Delirium",
    "esES": "Delirio",
    "frFR": "Délire",
    "itIT": "Delirio",
    "koKR": "대표위원",
    "plPL": "Delirium"
  },
  {
    "id": 20440,
    "Key": "r33",
    "enUS": "ÿc1(33) ÿc8Zod Rune ÿc2**",
    "zhTW": "符文：薩德",
    "deDE": "[fs]Zod-Rune",
    "esES": "[fs]la runa Zod",
    "frFR": "[fs]Rune Zod",
    "itIT": "[fs]Runa Zod",
    "koKR": "ÿc1(33) ÿc8조드 룬 ÿc2**",
    "plPL": "Runa Zod"
  },
  {
    "id": 20441,
    "Key": "r32",
    "enUS": "ÿc1(32) ÿc8Cham Rune ÿc2**",
    "zhTW": "符文：查姆",
    "deDE": "[fs]Cham-Rune",
    "esES": "[fs]la runa Cham",
    "frFR": "[fs]Rune Cham",
    "itIT": "[fs]Runa Cham",
    "koKR": "ÿc1(32) ÿc8차암 룬 ÿc2**",
    "plPL": "Runa Cham"
  },
  {
    "id": 20443,
    "Key": "r30",
    "enUS": "ÿc1(30) ÿc8Ber Rune ÿc2**",
    "zhTW": "符文：貝",
    "deDE": "[fs]Ber-Rune",
    "esES": "[fs]la runa Ver",
    "frFR": "[fs]Rune Ber",
    "itIT": "[fs]Runa Ber",
    "koKR": "ÿc1(30) ÿc8베르 룬 ÿc2**",
    "plPL": "Runa Ber"
  },
  {
    "id": 20444,
    "Key": "r29",
    "enUS": "ÿc1(29) ÿc8Sur Rune ÿc2**",
    "zhTW": "符文：瑟",
    "deDE": "[fs]Sur-Rune",
    "esES": "[fs]la runa Sur",
    "frFR": "[fs]Rune Sur",
    "itIT": "[fs]Runa Sur",
    "koKR": "ÿc1(29) ÿc8수르 룬 ÿc2**",
    "plPL": "Runa Sur"
  },
  {
    "id": 20445,
    "Key": "r28",
    "enUS": "ÿc1(28) ÿc8Lo Rune ÿc2**",
    "zhTW": "符文：羅",
    "deDE": "[fs]Lo-Rune",
    "esES": "[fs]la runa Lo",
    "frFR": "[fs]Rune Lo",
    "itIT": "[fs]Runa Lo",
    "koKR": "ÿc1(28) ÿc8로 룬 ÿc2**",
    "plPL": "Runa Lo"
  },
  {
    "id": 20446,
    "Key": "r27",
    "enUS": "ÿc1(27) ÿc8Ohm Rune ÿc2*",
    "zhTW": "符文：歐姆",
    "deDE": "[fs]Ohm-Rune",
    "esES": "[fs]la runa Ohm",
    "frFR": "[fs]Rune Ohm",
    "itIT": "[fs]Runa Ohm",
    "koKR": "ÿc1(27) ÿc8오움 룬 ÿc2*",
    "plPL": "Runa Ohm"
  },
  {
    "id": 20447,
    "Key": "r26",
    "enUS": "ÿc1(26) ÿc8Vex Rune ÿc2*",
    "zhTW": "符文：伐克斯",
    "deDE": "[fs]Vex-Rune",
    "esES": "[fs]la runa Vex",
    "frFR": "[fs]Rune Vex",
    "itIT": "[fs]Runa Vex",
    "koKR": "ÿc1(26) ÿc8벡스 룬 ÿc2*",
    "plPL": "Runa Vex"
  },
  {
    "id": 20448,
    "Key": "r25",
    "enUS": "ÿc1(25) ÿc8Gul Rune ÿc2*",
    "zhTW": "符文：古爾",
    "deDE": "[fs]Gul-Rune",
    "esES": "[fs]la runa Gul",
    "frFR": "[fs]Rune Gul",
    "itIT": "[fs]Runa Gul",
    "koKR": "ÿc1(25) ÿc8굴 룬 ÿc2*",
    "plPL": "Runa Gul"
  },
  {
    "id": 20449,
    "Key": "r24",
    "enUS": "ÿc1(24) ÿc8Ist Rune ÿc2*",
    "zhTW": "符文：伊司特",
    "deDE": "[fs]Ist-Rune",
    "esES": "[fs]la runa Ist",
    "frFR": "[fs]Rune Ist",
    "itIT": "[fs]Runa Ist",
    "koKR": "ÿc1(24) ÿc8아이스트 룬 ÿc2*",
    "plPL": "Runa Ist"
  },
  {
    "id": 20450,
    "Key": "r23",
    "enUS": "ÿc1(23) ÿc8Mal Rune ÿc2*",
    "zhTW": "符文：馬爾",
    "deDE": "[fs]Mal-Rune",
    "esES": "[fs]la runa Mal",
    "frFR": "[fs]Rune Mal",
    "itIT": "[fs]Runa Mal",
    "koKR": "ÿc1(23) ÿc8말 룬 ÿc2*",
    "plPL": "Runa Mal"
  },
  {
    "id": 20451,
    "Key": "r22",
    "enUS": "ÿc1(22) ÿc8Um Rune ÿc2*",
    "zhTW": "符文：烏姆",
    "deDE": "[fs]Um-Rune",
    "esES": "[fs]la runa Um",
    "frFR": "[fs]Rune Um",
    "itIT": "[fs]Runa Um",
    "koKR": "ÿc1(22) ÿc8우움 룬 ÿc2*",
    "plPL": "Runa Um"
  },
  {
    "id": 20452,
    "Key": "r21",
    "enUS": "ÿc1(21) ÿc8Pul Rune ÿc2*",
    "zhTW": "符文：普爾",
    "deDE": "[fs]Pul-Rune",
    "esES": "[fs]la runa Pul",
    "frFR": "[fs]Rune Pul",
    "itIT": "[fs]Runa Pul",
    "koKR": "ÿc1(21) ÿc8풀 룬 ÿc2*",
    "plPL": "Runa Pul"
  },
  {
    "id": 20453,
    "Key": "r20",
    "enUS": "ÿc1(20) ÿc8Lem Rune ÿc2*",
    "zhTW": "符文：藍姆",
    "deDE": "[fs]Lem-Rune",
    "esES": "[fs]la runa Lem",
    "frFR": "[fs]Rune Lem",
    "itIT": "[fs]Runa Lem",
    "koKR": "ÿc1(20) ÿc8렘 룬 ÿc2*",
    "plPL": "Runa Lem"
  },
  {
    "id": 20454,
    "Key": "r19",
    "enUS": "ÿc1(19) ÿc8Fal Rune",
    "zhTW": "符文：法爾",
    "deDE": "[fs]Fal-Rune",
    "esES": "[fs]la runa Fal",
    "frFR": "[fs]Rune Fal",
    "itIT": "[fs]Runa Fal",
    "koKR": "ÿc1(19) ÿc8팔 룬",
    "plPL": "Runa Fal"
  },
  {
    "id": 20455,
    "Key": "r18",
    "enUS": "ÿc1(18) ÿc8Ko Rune",
    "zhTW": "符文：科",
    "deDE": "[fs]Ko-Rune",
    "esES": "[fs]la runa Ko",
    "frFR": "[fs]Rune Ko",
    "itIT": "[fs]Runa Ko",
    "koKR": "ÿc1(18) ÿc8코 룬",
    "plPL": "Runa Ko"
  },
  {
    "id": 20456,
    "Key": "r17",
    "enUS": "ÿc1(17) ÿc8Lum Rune",
    "zhTW": "符文：盧姆",
    "deDE": "[fs]Lum-Rune",
    "esES": "[fs]la runa Lum",
    "frFR": "[fs]Rune Lum",
    "itIT": "[fs]Runa Lum",
    "koKR": "ÿc1(17) ÿc8룸 룬",
    "plPL": "Runa Lum"
  },
  {
    "id": 20458,
    "Key": "r15",
    "enUS": "ÿc1(15) ÿc8Hel Rune ÿc2*",
    "zhTW": "符文：海爾",
    "deDE": "[fs]Hel-Rune",
    "esES": "[fs]la runa Hel",
    "frFR": "[fs]Rune Hel",
    "itIT": "[fs]Runa Hel",
    "koKR": "ÿc1(15) ÿc8헬 룬 ÿc2*",
    "plPL": "Runa Hel"
  },
  {
    "id": 20459,
    "Key": "r14",
    "enUS": "ÿc1(14) ÿc8Dol Rune",
    "zhTW": "符文：多爾",
    "deDE": "[fs]Dol-Rune",
    "esES": "[fs]la runa Dol",
    "frFR": "[fs]Rune Dol",
    "itIT": "[fs]Runa Dol",
    "koKR": "ÿc1(14) ÿc8돌 룬",
    "plPL": "Runa Dol"
  },
  {
    "id": 20461,
    "Key": "r12",
    "enUS": "ÿc1(12) ÿc8Sol Rune",
    "zhTW": "符文：索爾",
    "deDE": "[fs]Sol-Rune",
    "esES": "[fs]la runa Sol",
    "frFR": "[fs]Rune Sol",
    "itIT": "[fs]Runa Sol",
    "koKR": "ÿc1(12) ÿc8솔 룬",
    "plPL": "Runa Sol"
  },
  {
    "id": 20462,
    "Key": "r11",
    "enUS": "ÿc1(11) ÿc8Amn Rune",
    "zhTW": "符文：安姆",
    "deDE": "[fs]Amn-Rune",
    "esES": "[fs]la runa Amn",
    "frFR": "[fs]Rune Amn",
    "itIT": "[fs]Runa Amn",
    "koKR": "ÿc1(11) ÿc8앰 룬",
    "plPL": "Runa Amn"
  },
  {
    "id": 20463,
    "Key": "r10",
    "enUS": "ÿc1(10) ÿc8Thul Rune",
    "zhTW": "符文：書爾",
    "deDE": "[fs]Thul-Rune",
    "esES": "[fs]la runa Thul",
    "frFR": "[fs]Rune Thul",
    "itIT": "[fs]Runa Thul",
    "koKR": "ÿc1(10) ÿc8주울 룬",
    "plPL": "Runa Thul"
  },
  {
    "id": 20464,
    "Key": "r09",
    "enUS": "ÿc1(9) ÿc8Ort Rune",
    "zhTW": "符文：歐特",
    "deDE": "[fs]Ort-Rune",
    "esES": "[fs]la runa Ort",
    "frFR": "[fs]Rune Ort",
    "itIT": "[fs]Runa Ort",
    "koKR": "ÿc1(9) ÿc8오르트 룬",
    "plPL": "Runa Ort"
  },
  {
    "id": 20465,
    "Key": "r08",
    "enUS": "ÿc1(8) ÿc8Ral Rune",
    "zhTW": "符文：拉爾",
    "deDE": "[fs]Ral-Rune",
    "esES": "[fs]la runa Ral",
    "frFR": "[fs]Rune Ral",
    "itIT": "[fs]Runa Ral",
    "koKR": "ÿc1(8) ÿc8랄 룬",
    "plPL": "Runa Ral"
  },
  {
    "id": 20466,
    "Key": "r07",
    "enUS": "ÿc1(7) ÿc8Tal Rune",
    "zhTW": "符文：塔爾",
    "deDE": "[fs]Tal-Rune",
    "esES": "[fs]la runa Tal",
    "frFR": "[fs]Rune Tal",
    "itIT": "[fs]Runa Tal",
    "koKR": "ÿc1(7) ÿc8탈 룬",
    "plPL": "Runa Tal"
  },
  {
    "id": 20467,
    "Key": "r06",
    "enUS": "ÿc1(6) ÿc8Ith Rune",
    "zhTW": "符文：伊司",
    "deDE": "[fs]Ith-Rune",
    "esES": "[fs]la runa Ith",
    "frFR": "[fs]Rune Ith",
    "itIT": "[fs]Runa Ith",
    "koKR": "ÿc1(6) ÿc8아이드 룬",
    "plPL": "Runa Ith"
  },
  {
    "id": 20468,
    "Key": "r05",
    "enUS": "ÿc1(5) ÿc8Eth Rune",
    "zhTW": "符文：愛斯",
    "deDE": "[fs]Eth-Rune",
    "esES": "[fs]la runa Eth",
    "frFR": "[fs]Rune Eth",
    "itIT": "[fs]Runa Eth",
    "koKR": "ÿc1(5) ÿc8에드 룬",
    "plPL": "Runa Eth"
  },
  {
    "id": 20469,
    "Key": "r04",
    "enUS": "ÿc1(4) ÿc8Nef Rune",
    "zhTW": "符文：那夫",
    "deDE": "[fs]Nef-Rune",
    "esES": "[fs]la runa Nef",
    "frFR": "[fs]Rune Nef",
    "itIT": "[fs]Runa Nef",
    "koKR": "ÿc1(4) ÿc8네프 룬",
    "plPL": "Runa Nef"
  },
  {
    "id": 20470,
    "Key": "r03",
    "enUS": "ÿc1(3) ÿc8Tir Rune",
    "zhTW": "符文：特爾",
    "deDE": "[fs]Tir-Rune",
    "esES": "[fs]la runa Tir",
    "frFR": "[fs]Rune Tir",
    "itIT": "[fs]Runa Tir",
    "koKR": "ÿc1(3) ÿc8티르 룬",
    "plPL": "Runa Tir"
  },
  {
    "id": 20471,
    "Key": "r02",
    "enUS": "ÿc1(2) ÿc8Eld Rune",
    "zhTW": "符文：艾德",
    "deDE": "[fs]Eld-Rune",
    "esES": "[fs]la runa Eld",
    "frFR": "[fs]Rune Eld",
    "itIT": "[fs]Runa Eld",
    "koKR": "ÿc1(2) ÿc8엘드 룬",
    "plPL": "Runa Eld"
  },
  {
    "id": 20472,
    "Key": "r01",
    "enUS": "ÿc1(1) ÿc8El Rune",
    "zhTW": "符文：艾爾",
    "deDE": "[fs]El-Rune",
    "esES": "[fs]la runa El ",
    "frFR": "[fs]Rune El",
    "itIT": "[fs]Runa El",
    "koKR": "ÿc1(1) ÿc8엘 룬",
    "plPL": "Runa El"
  },
  {
    "id": 20473,
    "Key": "r33L",
    "enUS": "Zod",
    "zhTW": "薩德",
    "deDE": "Zod",
    "esES": "Zod",
    "frFR": "Zod",
    "itIT": "Zod",
    "koKR": "조드",
    "plPL": "Zod"
  },
  {
    "id": 20474,
    "Key": "r32L",
    "enUS": "Cham",
    "zhTW": "查姆",
    "deDE": "Cham",
    "esES": "Cham",
    "frFR": "Cham",
    "itIT": "Cham",
    "koKR": "차암",
    "plPL": "Cham"
  },
  {
    "id": 20476,
    "Key": "r30L",
    "enUS": "Ber",
    "zhTW": "貝",
    "deDE": "Ber",
    "esES": "Ber",
    "frFR": "Ber",
    "itIT": "Ber",
    "koKR": "베르",
    "plPL": "Ber"
  },
  {
    "id": 20477,
    "Key": "r29L",
    "enUS": "Sur",
    "zhTW": "瑟",
    "deDE": "Sur",
    "esES": "Sur",
    "frFR": "Sur",
    "itIT": "Sur",
    "koKR": "수르",
    "plPL": "Sur"
  },
  {
    "id": 20478,
    "Key": "r28L",
    "enUS": "Lo",
    "zhTW": "羅",
    "deDE": "Lo",
    "esES": "Lo",
    "frFR": "Lo",
    "itIT": "Lo",
    "koKR": "로",
    "plPL": "Lo"
  },
  {
    "id": 20479,
    "Key": "r27L",
    "enUS": "Ohm",
    "zhTW": "歐姆",
    "deDE": "Ohm",
    "esES": "Ohm",
    "frFR": "Ohm",
    "itIT": "Ohm",
    "koKR": "오움",
    "plPL": "Ohm"
  },
  {
    "id": 20480,
    "Key": "r26L",
    "enUS": "Vex",
    "zhTW": "伐克斯",
    "deDE": "Vex",
    "esES": "Vex",
    "frFR": "Vex",
    "itIT": "Vex",
    "koKR": "벡스",
    "plPL": "Vex"
  },
  {
    "id": 20481,
    "Key": "r25L",
    "enUS": "Gul",
    "zhTW": "古爾",
    "deDE": "Gul",
    "esES": "Gul",
    "frFR": "Gul",
    "itIT": "Gul",
    "koKR": "굴",
    "plPL": "Gul"
  },
  {
    "id": 20482,
    "Key": "r24L",
    "enUS": "Ist",
    "zhTW": "伊司特",
    "deDE": "Ist",
    "esES": "Ist",
    "frFR": "Ist",
    "itIT": "Ist",
    "koKR": "아이스트",
    "plPL": "Ist"
  },
  {
    "id": 20483,
    "Key": "r23L",
    "enUS": "Mal",
    "zhTW": "馬爾",
    "deDE": "Mal",
    "esES": "Mal",
    "frFR": "Mal",
    "itIT": "Mal",
    "koKR": "말",
    "plPL": "Mal"
  },
  {
    "id": 20484,
    "Key": "r22L",
    "enUS": "Um",
    "zhTW": "烏姆",
    "deDE": "Um",
    "esES": "Um",
    "frFR": "Um",
    "itIT": "Um",
    "koKR": "우움",
    "plPL": "Um"
  },
  {
    "id": 20485,
    "Key": "r21L",
    "enUS": "Pul",
    "zhTW": "普爾",
    "deDE": "Pul",
    "esES": "Pul",
    "frFR": "Pul",
    "itIT": "Pul",
    "koKR": "풀",
    "plPL": "Pul"
  },
  {
    "id": 20486,
    "Key": "r20L",
    "enUS": "Lem",
    "zhTW": "藍姆",
    "deDE": "Lem",
    "esES": "Lem",
    "frFR": "Lem",
    "itIT": "Lem",
    "koKR": "램",
    "plPL": "Lem"
  },
  {
    "id": 20487,
    "Key": "r19L",
    "enUS": "Fal",
    "zhTW": "法爾",
    "deDE": "Fal",
    "esES": "Fal",
    "frFR": "Fal",
    "itIT": "Fal",
    "koKR": "팔",
    "plPL": "Fal"
  },
  {
    "id": 20488,
    "Key": "r18L",
    "enUS": "Ko",
    "zhTW": "科",
    "deDE": "Ko",
    "esES": "Ko",
    "frFR": "Ko",
    "itIT": "Ko",
    "koKR": "코",
    "plPL": "Ko"
  },
  {
    "id": 20489,
    "Key": "r17L",
    "enUS": "Lum",
    "zhTW": "盧姆",
    "deDE": "Lum",
    "esES": "Lum",
    "frFR": "Lum",
    "itIT": "Lum",
    "koKR": "룸",
    "plPL": "Lum"
  },
  {
    "id": 20491,
    "Key": "r15L",
    "enUS": "Hel",
    "zhTW": "海爾",
    "deDE": "Hel",
    "esES": "Hel",
    "frFR": "Hel",
    "itIT": "Hel",
    "koKR": "헬",
    "plPL": "Hel"
  },
  {
    "id": 20492,
    "Key": "r14L",
    "enUS": "Dol",
    "zhTW": "多爾",
    "deDE": "Dol",
    "esES": "Dol",
    "frFR": "Dol",
    "itIT": "Dol",
    "koKR": "돌",
    "plPL": "Dol"
  },
  {
    "id": 20494,
    "Key": "r12L",
    "enUS": "Sol",
    "zhTW": "索爾",
    "deDE": "Sol",
    "esES": "Sol",
    "frFR": "Sol",
    "itIT": "Sol",
    "koKR": "솔",
    "plPL": "Sol"
  },
  {
    "id": 20495,
    "Key": "r11L",
    "enUS": "Amn",
    "zhTW": "安姆",
    "deDE": "Amn",
    "esES": "Amn",
    "frFR": "Amn",
    "itIT": "Amn",
    "koKR": "앰",
    "plPL": "Amn"
  },
  {
    "id": 20496,
    "Key": "r10L",
    "enUS": "Thul",
    "zhTW": "書爾",
    "deDE": "Thul",
    "esES": "Thul",
    "frFR": "Thul",
    "itIT": "Thul",
    "koKR": "주울",
    "plPL": "Thul"
  },
  {
    "id": 20497,
    "Key": "r09L",
    "enUS": "Ort",
    "zhTW": "歐特",
    "deDE": "Ort",
    "esES": "Ort",
    "frFR": "Ort",
    "itIT": "Ort",
    "koKR": "오르트",
    "plPL": "Ort"
  },
  {
    "id": 20498,
    "Key": "r08L",
    "enUS": "Ral",
    "zhTW": "拉爾",
    "deDE": "Ral",
    "esES": "Ral",
    "frFR": "Ral",
    "itIT": "Ral",
    "koKR": "랄",
    "plPL": "Ral"
  },
  {
    "id": 20499,
    "Key": "r07L",
    "enUS": "Tal",
    "zhTW": "塔爾",
    "deDE": "Tal",
    "esES": "Tal",
    "frFR": "Tal",
    "itIT": "Tal",
    "koKR": "탈",
    "plPL": "Tal"
  },
  {
    "id": 20500,
    "Key": "r06L",
    "enUS": "Ith",
    "zhTW": "伊司",
    "deDE": "Ith",
    "esES": "Ith",
    "frFR": "Ith",
    "itIT": "Ith",
    "koKR": "아이드",
    "plPL": "Ith"
  },
  {
    "id": 20501,
    "Key": "r05L",
    "enUS": "Eth",
    "zhTW": "愛斯",
    "deDE": "Eth",
    "esES": "Eth",
    "frFR": "Eth",
    "itIT": "Eth",
    "koKR": "에드",
    "plPL": "Eth"
  },
  {
    "id": 20502,
    "Key": "r04L",
    "enUS": "Nef",
    "zhTW": "那夫",
    "deDE": "Nef",
    "esES": "Nef",
    "frFR": "Nef",
    "itIT": "Nef",
    "koKR": "네프",
    "plPL": "Nef"
  },
  {
    "id": 20503,
    "Key": "r03L",
    "enUS": "Tir",
    "zhTW": "特爾",
    "deDE": "Tir",
    "esES": "Tir",
    "frFR": "Tir",
    "itIT": "Tir",
    "koKR": "티르",
    "plPL": "Tir"
  },
  {
    "id": 20504,
    "Key": "r02L",
    "enUS": "Eld",
    "zhTW": "艾德",
    "deDE": "Eld",
    "esES": "Eld",
    "frFR": "Eld",
    "itIT": "Eld",
    "koKR": "엘드",
    "plPL": "Eld"
  },
  {
    "id": 20505,
    "Key": "r01L",
    "enUS": "El",
    "zhTW": "艾爾",
    "deDE": "El",
    "esES": "El",
    "frFR": "El",
    "itIT": "El",
    "koKR": "엘",
    "plPL": "El"
  },
  {
    "id": 20506,
    "Key": "RuneQuote",
    "enUS": "'",
    "zhTW": "",
    "deDE": "'",
    "esES": "'",
    "frFR": "'",
    "itIT": "'",
    "koKR": "'",
    "plPL": "'"
  },
  {
    "id": 20507,
    "Key": "Runeword1",
    "enUS": "Ancients' Pledge",
    "zhTW": "古代人的契約",
    "deDE": "Schwur der Urahnen",
    "esES": "Promesa de los ancianos",
    "frFR": "Pacte des Anciens",
    "itIT": "Pegno degli Antichi",
    "koKR": "고대인의 서약",
    "plPL": "Przysięga Starożytnych"
  },
  {
    "id": 20508,
    "Key": "Runeword2",
    "enUS": "Armageddon",
    "zhTW": "毀天滅地",
    "deDE": "Armageddon",
    "esES": "Armagedón",
    "frFR": "Armageddon",
    "itIT": "Armageddon",
    "koKR": "아마게돈",
    "plPL": "Armageddon"
  },
  {
    "id": 20509,
    "Key": "Runeword3",
    "enUS": "Authority",
    "zhTW": "權威",
    "deDE": "Macht",
    "esES": "Autoridad",
    "frFR": "Autorité",
    "itIT": "Autorità",
    "koKR": "권위",
    "plPL": "Władza"
  },
  {
    "id": 20510,
    "Key": "Runeword4",
    "enUS": "Beast",
    "zhTW": "野獸",
    "deDE": "Bestie",
    "esES": "Bestia",
    "frFR": "Bête",
    "itIT": "Bestia",
    "koKR": "야수",
    "plPL": "Bestia"
  },
  {
    "id": 20511,
    "Key": "Runeword5",
    "enUS": "Beauty",
    "zhTW": "美貌",
    "deDE": "Schönheit",
    "esES": "Belleza",
    "frFR": "Beauté",
    "itIT": "Bellezza",
    "koKR": "미",
    "plPL": "Piękno"
  },
  {
    "id": 20512,
    "Key": "Runeword6",
    "enUS": "Black",
    "zhTW": "黑色",
    "deDE": "Schwärze",
    "esES": "Negro",
    "frFR": "Blanc",
    "itIT": "Nera",
    "koKR": "블랙",
    "plPL": "Czerń"
  },
  {
    "id": 20513,
    "Key": "Runeword7",
    "enUS": "Blood",
    "zhTW": "血腥",
    "deDE": "Blut",
    "esES": "Sangre",
    "frFR": "Boucher",
    "itIT": "Sangue",
    "koKR": "블러드",
    "plPL": "Krew"
  },
  {
    "id": 20514,
    "Key": "Runeword8",
    "enUS": "Bone",
    "zhTW": "白骨",
    "deDE": "Knochen",
    "esES": "Hueso",
    "frFR": "Blessure",
    "itIT": "Osso",
    "koKR": "본",
    "plPL": "Kość"
  },
  {
    "id": 20515,
    "Key": "Runeword9",
    "enUS": "Bramble",
    "zhTW": "野薔薇",
    "deDE": "Dornen",
    "esES": "Zarza",
    "frFR": "Barbelé",
    "itIT": "Roveto",
    "koKR": "검은딸기",
    "plPL": "Kolec"
  },
  {
    "id": 20516,
    "Key": "Runeword10",
    "enUS": "Brand",
    "zhTW": "品牌",
    "deDE": "Brand",
    "esES": "Tizón",
    "frFR": "Barbe",
    "itIT": "Tizzone",
    "koKR": "인두",
    "plPL": "Marka"
  },
  {
    "id": 20517,
    "Key": "Runeword11",
    "enUS": "Breath of the Dying",
    "zhTW": "死亡呼吸",
    "deDE": "Odem der Sterbenden",
    "esES": "Aliento de los muertos",
    "frFR": "Bagne",
    "itIT": "Ultimo Respiro",
    "koKR": "죽음의 숨결",
    "plPL": "Ostatni oddech"
  },
  {
    "id": 20518,
    "Key": "Runeword12",
    "enUS": "Broken Promise",
    "zhTW": "破碎的誓言",
    "deDE": "Gebrochenes Versprechen",
    "esES": "Promesa rota",
    "frFR": "Baîllon",
    "itIT": "Promessa Spezzata",
    "koKR": "깨어진 약속",
    "plPL": "Złamana obietnica"
  },
  {
    "id": 20519,
    "Key": "Runeword13",
    "enUS": "Call to Arms",
    "zhTW": "戰爭召喚",
    "deDE": "Ruf zu den Waffen",
    "esES": "Llamada a las armas",
    "frFR": "Cicatrice",
    "itIT": "Chiamata alle armi",
    "koKR": "콜 투 암스",
    "plPL": "Wezwanie do broni"
  },
  {
    "id": 20520,
    "Key": "Runeword14",
    "enUS": "Chains of Honor",
    "zhTW": "榮耀之鍊",
    "deDE": "Ketten der Ehre",
    "esES": "Cadenas de honor",
    "frFR": "Chaînes",
    "itIT": "Catene dell'Onore",
    "koKR": "명예의 굴레",
    "plPL": "Okowa Grozy"
  },
  {
    "id": 20521,
    "Key": "Runeword15",
    "enUS": "Chance",
    "zhTW": "機會",
    "deDE": "Zufall",
    "esES": "Casualidad",
    "frFR": "Chance",
    "itIT": "Possibilità",
    "koKR": "기회",
    "plPL": "Szansa"
  },
  {
    "id": 20522,
    "Key": "Runeword16",
    "enUS": "Chaos",
    "zhTW": "沌頓",
    "deDE": "Chaos",
    "esES": "Caos",
    "frFR": "Chaos",
    "itIT": "Caos",
    "koKR": "혼돈",
    "plPL": "Chaos"
  },
  {
    "id": 20523,
    "Key": "Runeword17",
    "enUS": "Crescent Moon",
    "zhTW": "新月",
    "deDE": "Mondsichel",
    "esES": "luna creciente",
    "frFR": "Croissant de lune",
    "itIT": "Falce di Luna",
    "koKR": "초승달",
    "plPL": "Sierp Księżyca"
  },
  {
    "id": 20524,
    "Key": "Runeword18",
    "enUS": "Darkness",
    "zhTW": "黑暗",
    "deDE": "Dunkelheit",
    "esES": "Oscuridad",
    "frFR": "Donjon",
    "itIT": "Oscurità",
    "koKR": "어둠",
    "plPL": "Ciemność"
  },
  {
    "id": 20525,
    "Key": "Runeword19",
    "enUS": "Daylight",
    "zhTW": "白天",
    "deDE": "Tageslicht",
    "esES": "Luz",
    "frFR": "Diablotin",
    "itIT": "Luce del Giorno",
    "koKR": "낮",
    "plPL": "Światło dnia"
  },
  {
    "id": 20526,
    "Key": "Runeword20",
    "enUS": "Death",
    "zhTW": "死神",
    "deDE": "Tod",
    "esES": "Muerte",
    "frFR": "Dévotion",
    "itIT": "Morte",
    "koKR": "죽음",
    "plPL": "Śmierć"
  },
  {
    "id": 20527,
    "Key": "Runeword21",
    "enUS": "Deception",
    "zhTW": "欺暪",
    "deDE": "Täuschung",
    "esES": "Engaño ",
    "frFR": "Déception",
    "itIT": "Inganno",
    "koKR": "속임수",
    "plPL": "Podstęp"
  },
  {
    "id": 20529,
    "Key": "Runeword23",
    "enUS": "Desire",
    "zhTW": "渴望",
    "deDE": "Begierde",
    "esES": "Deseo",
    "frFR": "Désir",
    "itIT": "Desiderio",
    "koKR": "욕망",
    "plPL": "Pożądanie"
  },
  {
    "id": 20530,
    "Key": "Runeword24",
    "enUS": "Despair",
    "zhTW": "失望",
    "deDE": "Verzweiflung",
    "esES": "Desesperación",
    "frFR": "Désespoir",
    "itIT": "Scomparsa",
    "koKR": "실망",
    "plPL": "Rozpacz"
  },
  {
    "id": 20531,
    "Key": "Runeword25",
    "enUS": "Destruction",
    "zhTW": "毀滅",
    "deDE": "Zerstörung",
    "esES": "Destrucción",
    "frFR": "Destruction",
    "itIT": "Distruzione",
    "koKR": "파괴",
    "plPL": "Zniszczenie"
  },
  {
    "id": 20532,
    "Key": "Runeword26",
    "enUS": "Doom",
    "zhTW": "末日",
    "deDE": "Verdammnis",
    "esES": "Fatalidad",
    "frFR": "Dévastation",
    "itIT": "Destino",
    "koKR": "파멸",
    "plPL": "Zagłada"
  },
  {
    "id": 20533,
    "Key": "Runeword27",
    "enUS": "Dragon",
    "zhTW": "飛龍",
    "deDE": "Drachen",
    "esES": "Dragón",
    "frFR": "Dragon",
    "itIT": "Dragone",
    "koKR": "드레곤",
    "plPL": "Smok"
  },
  {
    "id": 20534,
    "Key": "Runeword28",
    "enUS": "Dread",
    "zhTW": "恐懼",
    "deDE": "Schrecken",
    "esES": "Terror",
    "frFR": "Devoir",
    "itIT": "Terrore",
    "koKR": "근심",
    "plPL": "Strach"
  },
  {
    "id": 20535,
    "Key": "Runeword29",
    "enUS": "Dream",
    "zhTW": "夢境",
    "deDE": "Traum",
    "esES": "Sueño",
    "frFR": "Dyptique",
    "itIT": "Sogno",
    "koKR": "꿈",
    "plPL": "Sen"
  },
  {
    "id": 20536,
    "Key": "Runeword30",
    "enUS": "Duress",
    "zhTW": "強制",
    "deDE": "Nötigung",
    "esES": "Coacción",
    "frFR": "Duel",
    "itIT": "Detenzione",
    "koKR": "협박",
    "plPL": "Przymus"
  },
  {
    "id": 20537,
    "Key": "Runeword31",
    "enUS": "Edge",
    "zhTW": "邊緣",
    "deDE": "Schneide",
    "esES": "Filo",
    "frFR": "Evocation",
    "itIT": "Lama",
    "koKR": "모서리",
    "plPL": "Ostrze"
  },
  {
    "id": 20538,
    "Key": "Runeword32",
    "enUS": "Elation",
    "zhTW": "興高彩烈",
    "deDE": "Erregung",
    "esES": "Júbilo",
    "frFR": "Effusion",
    "itIT": "Esultanza",
    "koKR": "흔쾌한 기분",
    "plPL": "Wesołość"
  },
  {
    "id": 20539,
    "Key": "Runeword33",
    "enUS": "Enigma",
    "zhTW": "謎團",
    "deDE": "Rätsel",
    "esES": "Enigma",
    "frFR": "Enigme",
    "itIT": "Enigma",
    "koKR": "수수께끼",
    "plPL": "Enigma"
  },
  {
    "id": 20540,
    "Key": "Runeword34",
    "enUS": "Enlightenment",
    "zhTW": "教化",
    "deDE": "Erleuchtung",
    "esES": "Ilustración",
    "frFR": "Eclaircissement",
    "itIT": "Illuminazione",
    "koKR": "계몽",
    "plPL": "Oświecenie"
  },
  {
    "id": 20541,
    "Key": "Runeword35",
    "enUS": "Envy",
    "zhTW": "羨慕",
    "deDE": "Neid",
    "esES": "Envidia",
    "frFR": "Envie",
    "itIT": "Invidia",
    "koKR": "시샘",
    "plPL": "Zawiść"
  },
  {
    "id": 20542,
    "Key": "Runeword36",
    "enUS": "Eternity",
    "zhTW": "永恆",
    "deDE": "Ewigkeit",
    "esES": "Eternidad",
    "frFR": "Eternité",
    "itIT": "Eternità",
    "koKR": "불멸",
    "plPL": "Wieczność"
  },
  {
    "id": 20543,
    "Key": "Runeword37",
    "enUS": "Exile",
    "zhTW": "流亡",
    "deDE": "Exil",
    "esES": "Exilio",
    "frFR": "Exil",
    "itIT": "Esilio",
    "koKR": "망명",
    "plPL": "Wygnanie"
  },
  {
    "id": 20544,
    "Key": "Runeword38",
    "enUS": "Faith",
    "zhTW": "信心",
    "deDE": "Glaube",
    "esES": "Fe",
    "frFR": "Foi",
    "itIT": "Fede",
    "koKR": "신뢰",
    "plPL": "Wiara"
  },
  {
    "id": 20545,
    "Key": "Runeword39",
    "enUS": "Famine",
    "zhTW": "饑荒",
    "deDE": "Hungersnot",
    "esES": "Hambruna",
    "frFR": "Famine",
    "itIT": "Fame",
    "koKR": "기근",
    "plPL": "Klęska głodu"
  },
  {
    "id": 20546,
    "Key": "Runeword40",
    "enUS": "Flickering Flame",
    "zhTW": "火焰",
    "deDE": "Flamme",
    "esES": "Llama ",
    "frFR": "Flamme",
    "itIT": "Fiamma",
    "koKR": "불꽃",
    "plPL": "Płomień"
  },
  {
    "id": 20547,
    "Key": "Runeword41",
    "enUS": "Fortitude",
    "zhTW": "剛毅",
    "deDE": "Stärke",
    "esES": "Fortaleza",
    "frFR": "Fortitude",
    "itIT": "Fermezza",
    "koKR": "인내",
    "plPL": "Hart"
  },
  {
    "id": 20548,
    "Key": "Runeword42",
    "enUS": "Fortune",
    "zhTW": "幸運",
    "deDE": "Glück",
    "esES": "Fortuna",
    "frFR": "Fortune",
    "itIT": "Fortuna",
    "koKR": "행운",
    "plPL": "Fortuna"
  },
  {
    "id": 20549,
    "Key": "Runeword43",
    "enUS": "Friendship",
    "zhTW": "友情",
    "deDE": "Freundschaft",
    "esES": "Amistad",
    "frFR": "Ferveur",
    "itIT": "Amicizia",
    "koKR": "우정",
    "plPL": "Przyjaźń"
  },
  {
    "id": 20550,
    "Key": "Runeword44",
    "enUS": "Fury",
    "zhTW": "狂怒",
    "deDE": "Wut",
    "esES": "Furia",
    "frFR": "Furie",
    "itIT": "Furia",
    "koKR": "원한",
    "plPL": "Furia"
  },
  {
    "id": 20551,
    "Key": "Runeword45",
    "enUS": "Gloom",
    "zhTW": "幽暗",
    "deDE": "Düsternis",
    "esES": "Melancolía",
    "frFR": "Guerre",
    "itIT": "Tenebre",
    "koKR": "우울",
    "plPL": "Mrok"
  },
  {
    "id": 20552,
    "Key": "Runeword46",
    "enUS": "Glory",
    "zhTW": "榮譽",
    "deDE": "Ruhm",
    "esES": "Gloria",
    "frFR": "Gloire",
    "itIT": "Gloria",
    "koKR": "영광",
    "plPL": "Chwała"
  },
  {
    "id": 20553,
    "Key": "Runeword47",
    "enUS": "Grief",
    "zhTW": "悔恨",
    "deDE": "Trauer",
    "esES": "Dolor",
    "frFR": "Griserie",
    "itIT": "Cordoglio",
    "koKR": "깊은 고뇌",
    "plPL": "Żal"
  },
  {
    "id": 20554,
    "Key": "Runeword48",
    "enUS": "Hand of Justice",
    "zhTW": "正義之手",
    "deDE": "Hand der Gerechtigkeit",
    "esES": "Mano justiciera",
    "frFR": "Heaume",
    "itIT": "Mano della Giustizia",
    "koKR": "정의의 손길",
    "plPL": "Ręka Sprawiedliwości"
  },
  {
    "id": 20555,
    "Key": "Runeword49",
    "enUS": "Harmony",
    "zhTW": "和諧",
    "deDE": "Harmonie",
    "esES": "Armonía",
    "frFR": "Harmonie",
    "itIT": "Armonia",
    "koKR": "조화",
    "plPL": "Harmonia"
  },
  {
    "id": 20556,
    "Key": "Runeword50",
    "enUS": "Hatred",
    "zhTW": "憎恨",
    "deDE": "Hass",
    "esES": "Odio",
    "frFR": "Haine",
    "itIT": "Odio",
    "koKR": "증오",
    "plPL": "Nienawiść"
  },
  {
    "id": 20557,
    "Key": "Runeword51",
    "enUS": "Heart of the Oak",
    "zhTW": "橡樹之心",
    "deDE": "Herz der Eiche",
    "esES": "Corazón de roble",
    "frFR": "Hérétique",
    "itIT": "Cuore della Quercia",
    "koKR": "오크의 심장",
    "plPL": "Serce Dębu"
  },
  {
    "id": 20558,
    "Key": "Runeword52",
    "enUS": "Heaven's Will",
    "zhTW": "天堂的意識",
    "deDE": "Himmlischer Wille",
    "esES": "Voluntad del cielo",
    "frFR": "Hallebarde",
    "itIT": "Volontà Celeste",
    "koKR": "천국의 의지",
    "plPL": "Wola Niebios"
  },
  {
    "id": 20559,
    "Key": "Runeword53",
    "enUS": "Holy Tears",
    "zhTW": "神聖之淚",
    "deDE": "Heilige Tränen",
    "esES": "Lágrimas sagradas",
    "frFR": "Hallucination",
    "itIT": "Sacre Lacrime",
    "koKR": "신성한 눈물",
    "plPL": "Święta Łza"
  },
  {
    "id": 20560,
    "Key": "Runeword54",
    "enUS": "Holy Thunder",
    "zhTW": "神聖雷擊",
    "deDE": "Heiliger Donner",
    "esES": "Trueno sagrado",
    "frFR": "Halo",
    "itIT": "Sacro Tuono",
    "koKR": "신성한 번개",
    "plPL": "Święty Grom"
  },
  {
    "id": 20561,
    "Key": "Runeword55",
    "enUS": "Honor",
    "zhTW": "榮耀",
    "deDE": "Ehre",
    "esES": "Honor",
    "frFR": "Honneur",
    "itIT": "Onore",
    "koKR": "명예",
    "plPL": "Honor"
  },
  {
    "id": 20562,
    "Key": "Runeword56",
    "enUS": "Revenge",
    "zhTW": "復仇",
    "deDE": "Rache",
    "esES": "Venganza",
    "frFR": "Revanche",
    "itIT": "Rivincita",
    "koKR": "복수",
    "plPL": "Mściwość"
  },
  {
    "id": 20563,
    "Key": "Runeword57",
    "enUS": "Humility",
    "zhTW": "謙恭",
    "deDE": "Demut",
    "esES": "Humildad",
    "frFR": "Humilité",
    "itIT": "Umiltà",
    "koKR": "겸손",
    "plPL": "Pokora"
  },
  {
    "id": 20564,
    "Key": "Runeword58",
    "enUS": "Hunger",
    "zhTW": "飢餓",
    "deDE": "Hunger",
    "esES": "Hambre",
    "frFR": "Faim",
    "itIT": "Fame",
    "koKR": "기아",
    "plPL": "Głód"
  },
  {
    "id": 20565,
    "Key": "Runeword59",
    "enUS": "Ice",
    "zhTW": "冰凍",
    "deDE": "Eis",
    "esES": "Hielo",
    "frFR": "Ire",
    "itIT": "Ghiaccio",
    "koKR": "얼음",
    "plPL": "Lód"
  },
  {
    "id": 20566,
    "Key": "Runeword60",
    "enUS": "Infinity",
    "zhTW": "無限",
    "deDE": "Unendlichkeit",
    "esES": "Infinito",
    "frFR": "Infini",
    "itIT": "Infinito",
    "koKR": "무한의 공간",
    "plPL": "Nieskończoność"
  },
  {
    "id": 20567,
    "Key": "Runeword61",
    "enUS": "Innocence",
    "zhTW": "純潔",
    "deDE": "Unschuld",
    "esES": "Inocencia",
    "frFR": "Innocence",
    "itIT": "Innocenza",
    "koKR": "결백",
    "plPL": "Niewinność"
  },
  {
    "id": 20568,
    "Key": "Runeword62",
    "enUS": "Insight",
    "zhTW": "眼光",
    "deDE": "Einsicht",
    "esES": "Perspicacia",
    "frFR": "Iris",
    "itIT": "Vista Interiore",
    "koKR": "통찰력",
    "plPL": "Olśnienie"
  },
  {
    "id": 20569,
    "Key": "Runeword63",
    "enUS": "Jealousy",
    "zhTW": "妒忌",
    "deDE": "Eifersucht",
    "esES": "Celos",
    "frFR": "Jalousie",
    "itIT": "Gelosia",
    "koKR": "질투",
    "plPL": "Zazdrość"
  },
  {
    "id": 20570,
    "Key": "Runeword64",
    "enUS": "Judgement",
    "zhTW": "審判",
    "deDE": "Urteil",
    "esES": "Sentencia",
    "frFR": "Jugement",
    "itIT": "Giudizio",
    "koKR": "심판",
    "plPL": "Osąd"
  },
  {
    "id": 20571,
    "Key": "Runeword65",
    "enUS": "King's Grace",
    "zhTW": "王者的慈悲",
    "deDE": "Königliche Gnade",
    "esES": "Gracia del rey",
    "frFR": "Kana",
    "itIT": "Grazia del Re",
    "koKR": "왕의 자비",
    "plPL": "Królewska Łaska"
  },
  {
    "id": 20572,
    "Key": "Runeword66",
    "enUS": "Kingslayer",
    "zhTW": "弒王者",
    "deDE": "Königsmord",
    "esES": "Asesino real",
    "frFR": "Kaolin",
    "itIT": "Massacratore",
    "koKR": "킹슬레이어",
    "plPL": "Zabójca królów"
  },
  {
    "id": 20573,
    "Key": "Runeword67",
    "enUS": "Knight's Vigil",
    "zhTW": "騎士的警戒",
    "deDE": "Ritters Wacht",
    "esES": "Vela del caballero",
    "frFR": "Karma",
    "itIT": "Re Vigile",
    "koKR": "기사의 불침번",
    "plPL": "Rycerska warta"
  },
  {
    "id": 20574,
    "Key": "Runeword68",
    "enUS": "Knowledge",
    "zhTW": "知識",
    "deDE": "Wissen",
    "esES": "Saber",
    "frFR": "Kappa",
    "itIT": "Conoscenza",
    "koKR": "지식",
    "plPL": "Poznanie"
  },
  {
    "id": 20575,
    "Key": "Runeword69",
    "enUS": "Last Wish",
    "zhTW": "最後希望",
    "deDE": "Letzter Wunsch",
    "esES": "Último deseo",
    "frFR": "Lèpre",
    "itIT": "Ultimo Desiderio",
    "koKR": "마지막 소원",
    "plPL": "Ostatnie życzenie"
  },
  {
    "id": 20576,
    "Key": "Runeword70",
    "enUS": "Law",
    "zhTW": "法律",
    "deDE": "Gesetz",
    "esES": "Ley",
    "frFR": "Loi",
    "itIT": "Legge",
    "koKR": "법",
    "plPL": "Prawo"
  },
  {
    "id": 20577,
    "Key": "Runeword71",
    "enUS": "Lawbringer",
    "zhTW": "執法者",
    "deDE": "Gesetzesbringer",
    "esES": "Jurista",
    "frFR": "Longévité",
    "itIT": "Legiferatore",
    "koKR": "법률위반",
    "plPL": "Łamiący prawo"
  },
  {
    "id": 20578,
    "Key": "Runeword72",
    "enUS": "Leaf",
    "zhTW": "葉子",
    "deDE": "Blatt",
    "esES": "Hoja",
    "frFR": "Langueur",
    "itIT": "Foglia",
    "koKR": "꽃잎",
    "plPL": "Liść"
  },
  {
    "id": 20579,
    "Key": "Runeword73",
    "enUS": "Lightning",
    "zhTW": "閃電",
    "deDE": "Blitzschlag",
    "esES": "Rayo",
    "frFR": "Larme",
    "itIT": "Fulmine",
    "koKR": "빛",
    "plPL": "Błyskawica"
  },
  {
    "id": 20580,
    "Key": "Runeword74",
    "enUS": "Lionheart",
    "zhTW": "獅子心",
    "deDE": "Löwenherz",
    "esES": "Corazón de león",
    "frFR": "Livre",
    "itIT": "Cuor di Leone",
    "koKR": "용맹한자",
    "plPL": "Lwie Serce"
  },
  {
    "id": 20581,
    "Key": "Runeword75",
    "enUS": "Lore",
    "zhTW": "知識",
    "deDE": "Überlieferung",
    "esES": "Popular",
    "frFR": "Lapsus",
    "itIT": "Dottrina",
    "koKR": "학식",
    "plPL": "Wiedza"
  },
  {
    "id": 20582,
    "Key": "Runeword76",
    "enUS": "Love",
    "zhTW": "愛情",
    "deDE": "Liebe",
    "esES": "Amor",
    "frFR": "Lambeaux",
    "itIT": "Amore",
    "koKR": "사랑",
    "plPL": "Miłość"
  },
  {
    "id": 20583,
    "Key": "Runeword77",
    "enUS": "Loyalty",
    "zhTW": "忠誠",
    "deDE": "Treue",
    "esES": "Lealtad",
    "frFR": "Loyauté",
    "itIT": "Fedeltà",
    "koKR": "충성",
    "plPL": "Lojalność"
  },
  {
    "id": 20584,
    "Key": "Runeword78",
    "enUS": "Lust",
    "zhTW": "慾望",
    "deDE": "Lust",
    "esES": "Lujuria",
    "frFR": "Luxure",
    "itIT": "Lussuria",
    "koKR": "욕망",
    "plPL": "Żądza"
  },
  {
    "id": 20585,
    "Key": "Runeword79",
    "enUS": "Madness",
    "zhTW": "瘋狂",
    "deDE": "Wahnsinn",
    "esES": "Locura",
    "frFR": "Malice",
    "itIT": "Follia",
    "koKR": "광기",
    "plPL": "Szaleństwo"
  },
  {
    "id": 20586,
    "Key": "Runeword81",
    "enUS": "Malice",
    "zhTW": "怨恨",
    "deDE": "Boshaftigkeit",
    "esES": "Maldad",
    "frFR": "Méchanceté ",
    "itIT": "Malizia",
    "koKR": "원환",
    "plPL": "Złośliwość"
  },
  {
    "id": 20587,
    "Key": "Runeword82",
    "enUS": "Melody",
    "zhTW": "旋律",
    "deDE": "Melodie",
    "esES": "Melodía",
    "frFR": "Melodie",
    "itIT": "Melodia",
    "koKR": "멜로디",
    "plPL": "Melodia"
  },
  {
    "id": 20588,
    "Key": "Runeword83",
    "enUS": "Memory",
    "zhTW": "記憶",
    "deDE": "Erinnerung",
    "esES": "Memoria",
    "frFR": "Mémoire",
    "itIT": "Memoria",
    "koKR": "기억",
    "plPL": "Pamięć"
  },
  {
    "id": 20589,
    "Key": "Runeword84",
    "enUS": "Mist",
    "zhTW": "迷霧",
    "deDE": "Nebel",
    "esES": "Bruma",
    "frFR": "Marée",
    "itIT": "Bruma",
    "koKR": "엷은 안개",
    "plPL": "Mgła"
  },
  {
    "id": 20590,
    "Key": "Runeword85",
    "enUS": "Morning",
    "zhTW": "早晨",
    "deDE": "Morgen",
    "esES": "Mañana",
    "frFR": "Matin",
    "itIT": "Mattino",
    "koKR": "아침",
    "plPL": "Poranek"
  },
  {
    "id": 20591,
    "Key": "Runeword86",
    "enUS": "Mystery",
    "zhTW": "神秘",
    "deDE": "Geheimnis",
    "esES": "Misterio",
    "frFR": "Mystère",
    "itIT": "Mistero",
    "koKR": "미스테리",
    "plPL": "Tajemnica"
  },
  {
    "id": 20592,
    "Key": "Runeword87",
    "enUS": "Myth",
    "zhTW": "神話",
    "deDE": "Mythos",
    "esES": "Mito",
    "frFR": "Mythe",
    "itIT": "Mito",
    "koKR": "신화",
    "plPL": "Mit"
  },
  {
    "id": 20593,
    "Key": "Runeword88",
    "enUS": "Nadir",
    "zhTW": "天底",
    "deDE": "Nadir",
    "esES": "Nadir",
    "frFR": "Nadir",
    "itIT": "Nadir",
    "koKR": "천저",
    "plPL": "Nadir"
  },
  {
    "id": 20594,
    "Key": "Runeword89",
    "enUS": "Nature's Kingdom",
    "zhTW": "天然的王國",
    "deDE": "Königreich der Natur",
    "esES": "Imperio de la naturaleza",
    "frFR": "Nature",
    "itIT": "Regno della Natura",
    "koKR": "자연의 왕국",
    "plPL": "Królestwo Natury"
  },
  {
    "id": 20595,
    "Key": "Runeword90",
    "enUS": "Night",
    "zhTW": "夜晚",
    "deDE": "Nacht",
    "esES": "Noche",
    "frFR": "Nuit",
    "itIT": "Notte",
    "koKR": "밤",
    "plPL": "Noc"
  },
  {
    "id": 20596,
    "Key": "Runeword91",
    "enUS": "Oath",
    "zhTW": "誓約",
    "deDE": "Eid",
    "esES": "Juramento",
    "frFR": "Orme",
    "itIT": "Giuramento",
    "koKR": "서약",
    "plPL": "Przysięga"
  },
  {
    "id": 20597,
    "Key": "Runeword92",
    "enUS": "Obedience",
    "zhTW": "遵從",
    "deDE": "Gehorsam",
    "esES": "Obediencia",
    "frFR": "Obéissance ",
    "itIT": "Obbedienza",
    "koKR": "순종",
    "plPL": "Posłuszeństwo"
  },
  {
    "id": 20598,
    "Key": "Runeword93",
    "enUS": "Oblivion",
    "zhTW": "湮沒",
    "deDE": "Nichts",
    "esES": "Olvido",
    "frFR": "Oubli",
    "itIT": "Oblio",
    "koKR": "망각",
    "plPL": "Zapomnienie"
  },
  {
    "id": 20599,
    "Key": "Runeword94",
    "enUS": "Obsession",
    "zhTW": "著魔",
    "deDE": "Besessenheit",
    "esES": "Obsesión",
    "frFR": "Obsession",
    "itIT": "Ossessione",
    "koKR": "집념",
    "plPL": "Obsesja"
  },
  {
    "id": 20600,
    "Key": "Runeword95",
    "enUS": "Passion",
    "zhTW": "熱情",
    "deDE": "Leidenschaft",
    "esES": "Pasión",
    "frFR": "Passion",
    "itIT": "Passione",
    "koKR": "열정",
    "plPL": "Pasja"
  },
  {
    "id": 20601,
    "Key": "Runeword96",
    "enUS": "Patience",
    "zhTW": "忍耐",
    "deDE": "Geduld",
    "esES": "Paciencia",
    "frFR": "Patience",
    "itIT": "Pazienza",
    "koKR": "인내",
    "plPL": "Cierpliowość"
  },
  {
    "id": 20602,
    "Key": "Runeword97",
    "enUS": "Pattern",
    "zhTW": "樣式",
    "deDE": "Prasseln",
    "esES": "Golpeteo",
    "frFR": "Parchemin",
    "itIT": "Scalpiccio",
    "koKR": "은어",
    "plPL": "Tupot"
  },
  {
    "id": 20603,
    "Key": "Runeword98",
    "enUS": "Peace",
    "zhTW": "和平",
    "deDE": "Frieden",
    "esES": "Paz",
    "frFR": "Paix",
    "itIT": "Pace",
    "koKR": "평화",
    "plPL": "Pokój"
  },
  {
    "id": 20604,
    "Key": "Runeword99",
    "enUS": "Voice of Reason",
    "zhTW": "思考之聲",
    "deDE": "Stimme der Vernunft",
    "esES": "Voz de la razón",
    "frFR": "Vérité",
    "itIT": "Voce della Ragione",
    "koKR": "이유있는 항변",
    "plPL": "Głos rozsądku"
  },
  {
    "id": 20605,
    "Key": "Runeword100",
    "enUS": "Penitence",
    "zhTW": "懺悔",
    "deDE": "Reue",
    "esES": "Penitencia",
    "frFR": "Pleutre",
    "itIT": "Penitenza",
    "koKR": "속죄",
    "plPL": "Skrucha"
  },
  {
    "id": 20606,
    "Key": "Runeword101",
    "enUS": "Peril",
    "zhTW": "危害",
    "deDE": "Gefahr",
    "esES": "Peligro",
    "frFR": "Péril",
    "itIT": "Pericolo",
    "koKR": "위기",
    "plPL": "Niebezpieczeństwo"
  },
  {
    "id": 20607,
    "Key": "Runeword102",
    "enUS": "Pestilence",
    "zhTW": "疫病",
    "deDE": "Pestilenz",
    "esES": "Pestilencia",
    "frFR": "Pestilence",
    "itIT": "Pestilenza",
    "koKR": "전염병",
    "plPL": "Zaraza"
  },
  {
    "id": 20608,
    "Key": "Runeword103",
    "enUS": "Phoenix",
    "zhTW": "鳳凰",
    "deDE": "Phönix",
    "esES": "Fénix",
    "frFR": "Phénix",
    "itIT": "Fenice",
    "koKR": "불사조",
    "plPL": "Feniks"
  },
  {
    "id": 20609,
    "Key": "Runeword104",
    "enUS": "Piety",
    "zhTW": "虔誠",
    "deDE": "Frömmigkeit",
    "esES": "Piedad",
    "frFR": "Piété",
    "itIT": "Pietà",
    "koKR": "경건",
    "plPL": "Pobożność"
  },
  {
    "id": 20610,
    "Key": "Runeword105",
    "enUS": "Pillar of Faith",
    "zhTW": "信念之柱",
    "deDE": "Säule des Glaubens",
    "esES": "Pilar de fe",
    "frFR": "Pilier",
    "itIT": "Pilastro della Fede",
    "koKR": "믿음의 중심",
    "plPL": "Słup Wiary"
  },
  {
    "id": 20611,
    "Key": "Runeword106",
    "enUS": "Plague",
    "zhTW": "瘟疫",
    "deDE": "Pest",
    "esES": "Peste",
    "frFR": "Peste",
    "itIT": "Contagio",
    "koKR": "페스트",
    "plPL": "Plaga"
  },
  {
    "id": 20612,
    "Key": "Runeword107",
    "enUS": "Praise",
    "zhTW": "頌揚",
    "deDE": "Lobpreisung",
    "esES": "Alabanza",
    "frFR": "Pluie",
    "itIT": "Lode",
    "koKR": "찬사",
    "plPL": "Pochwała"
  },
  {
    "id": 20613,
    "Key": "Runeword108",
    "enUS": "Prayer",
    "zhTW": "祈禱",
    "deDE": "Gebet",
    "esES": "Oración",
    "frFR": "Prière",
    "itIT": "Questuante",
    "koKR": "기원",
    "plPL": "Modlitwa"
  },
  {
    "id": 20614,
    "Key": "Runeword109",
    "enUS": "Pride",
    "zhTW": "驕傲",
    "deDE": "Stolz",
    "esES": "Orgullo",
    "frFR": "Pierre",
    "itIT": "Orgoglio",
    "koKR": "자존심",
    "plPL": "Duma"
  },
  {
    "id": 20615,
    "Key": "Runeword110",
    "enUS": "Principle",
    "zhTW": "原理",
    "deDE": "Prinzip",
    "esES": "Principio",
    "frFR": "Principe",
    "itIT": "Principio",
    "koKR": "원리원칙",
    "plPL": "Zasada"
  },
  {
    "id": 20616,
    "Key": "Runeword111",
    "enUS": "Prowess in Battle",
    "zhTW": "戰鬥中的勇氣",
    "deDE": "Tapferkeit im Kampf",
    "esES": "Habilidad en combate",
    "frFR": "Prouesse",
    "itIT": "Valore",
    "koKR": "전장의 역량",
    "plPL": "Sprawność bojowa"
  },
  {
    "id": 20617,
    "Key": "Runeword112",
    "enUS": "Prudence",
    "zhTW": "謹重",
    "deDE": "Besonnenheit",
    "esES": "Prudencia",
    "frFR": "Prudence",
    "itIT": "Prudenza",
    "koKR": "현명",
    "plPL": "Rozwaga"
  },
  {
    "id": 20618,
    "Key": "Runeword113",
    "enUS": "Punishment",
    "zhTW": "懲罰",
    "deDE": "Strafe",
    "esES": "Castigo",
    "frFR": "Punition",
    "itIT": "Punizione",
    "koKR": "처벌",
    "plPL": "Kara"
  },
  {
    "id": 20619,
    "Key": "Runeword114",
    "enUS": "Purity",
    "zhTW": "純潔",
    "deDE": "Reinheit",
    "esES": "Pureza",
    "frFR": "Pureté",
    "itIT": "Purezza",
    "koKR": "순수",
    "plPL": "Czystość"
  },
  {
    "id": 20620,
    "Key": "Runeword115",
    "enUS": "Question",
    "zhTW": "疑問",
    "deDE": "Frage",
    "esES": "Duda",
    "frFR": "Question",
    "itIT": "Quesito",
    "koKR": "의문",
    "plPL": "Pytanie"
  },
  {
    "id": 20621,
    "Key": "Runeword116",
    "enUS": "Radiance",
    "zhTW": "光輝",
    "deDE": "Glanz",
    "esES": "Resplandor",
    "frFR": "Rayon",
    "itIT": "Fulgore",
    "koKR": "찬란한 빛",
    "plPL": "Blask"
  },
  {
    "id": 20622,
    "Key": "Runeword117",
    "enUS": "Rain",
    "zhTW": "降雨",
    "deDE": "Regen",
    "esES": "Lluvia",
    "frFR": "Rage",
    "itIT": "Pioggia",
    "koKR": "비",
    "plPL": "Deszcz"
  },
  {
    "id": 20623,
    "Key": "Runeword118",
    "enUS": "Reason",
    "zhTW": "理由",
    "deDE": "Vernunft",
    "esES": "Razón",
    "frFR": "Raison",
    "itIT": "Ragione",
    "koKR": "변명",
    "plPL": "Rozsądek"
  },
  {
    "id": 20624,
    "Key": "Runeword119",
    "enUS": "Red",
    "zhTW": "鮮紅",
    "deDE": "Röte",
    "esES": "Rojo",
    "frFR": "Rouge",
    "itIT": "Rossa",
    "koKR": "레드",
    "plPL": "Czerwień"
  },
  {
    "id": 20625,
    "Key": "Runeword120",
    "enUS": "Rhyme",
    "zhTW": "押韻",
    "deDE": "Reim",
    "esES": "Rima",
    "frFR": "Rime",
    "itIT": "Rima",
    "koKR": "제왕 운시",
    "plPL": "Rym"
  },
  {
    "id": 20626,
    "Key": "Runeword121",
    "enUS": "Rift",
    "zhTW": "裂縫",
    "deDE": "Zerrissenheit",
    "esES": "Grieta",
    "frFR": "Rigodon",
    "itIT": "Squarcio",
    "koKR": "균열",
    "plPL": "Szczelina"
  },
  {
    "id": 20627,
    "Key": "Runeword122",
    "enUS": "Sanctuary",
    "zhTW": "聖堂",
    "deDE": "Zuflucht",
    "esES": "Santuario",
    "frFR": "Sanctuaire",
    "itIT": "Santuario",
    "koKR": "성역",
    "plPL": "Sanktuarium"
  },
  {
    "id": 20628,
    "Key": "Runeword123",
    "enUS": "Serendipity",
    "zhTW": "奇遇",
    "deDE": "Glückseligkeit",
    "esES": "Serendipia",
    "frFR": "Serpent",
    "itIT": "Serendipità",
    "koKR": "세런디퍼티",
    "plPL": "Przypadkowość"
  },
  {
    "id": 20629,
    "Key": "Runeword124",
    "enUS": "Shadow",
    "zhTW": "影子",
    "deDE": "Schatten",
    "esES": "Sombra",
    "frFR": "Serment",
    "itIT": "Ombra",
    "koKR": "그림자",
    "plPL": "Cień"
  },
  {
    "id": 20630,
    "Key": "Runeword125",
    "enUS": "Shadow of Doubt",
    "zhTW": "懷疑之影",
    "deDE": "Schatten des Zweifels",
    "esES": "Sombra de duda",
    "frFR": "Sou",
    "itIT": "Ombra del Dubbio",
    "koKR": "의심의 그림자",
    "plPL": "Cień Wątpliwości"
  },
  {
    "id": 20631,
    "Key": "Runeword126",
    "enUS": "Silence",
    "zhTW": "寂靜",
    "deDE": "Stille",
    "esES": "Silencio",
    "frFR": "Silence",
    "itIT": "Silenzio",
    "koKR": "침묵",
    "plPL": "Cisza"
  },
  {
    "id": 20632,
    "Key": "Runeword127",
    "enUS": "Siren's Song",
    "zhTW": "賽連之歌",
    "deDE": "Sirenengesang",
    "esES": "Canto de sirena",
    "frFR": "Sirène",
    "itIT": "Canto della Sirena",
    "koKR": "사이렌의 노래",
    "plPL": "Pieśń Syreny"
  },
  {
    "id": 20633,
    "Key": "Runeword128",
    "enUS": "Smoke",
    "zhTW": "煙霧",
    "deDE": "Rauch",
    "esES": "Humo",
    "frFR": "Soupe",
    "itIT": "Fumo",
    "koKR": "연기",
    "plPL": "Dym"
  },
  {
    "id": 20634,
    "Key": "Runeword129",
    "enUS": "Sorrow",
    "zhTW": "哀傷",
    "deDE": "Traurigkeit",
    "esES": "Tristeza",
    "frFR": "Sel",
    "itIT": "Rimorso",
    "koKR": "소로우",
    "plPL": "Smutek"
  },
  {
    "id": 20635,
    "Key": "Runeword130",
    "enUS": "Spirit",
    "zhTW": "精神",
    "deDE": "Geist",
    "esES": "Espíritu  ",
    "frFR": "Esprit",
    "itIT": "Spirito",
    "koKR": "스피리트",
    "plPL": "Duch"
  },
  {
    "id": 20636,
    "Key": "Runeword131",
    "enUS": "Splendor",
    "zhTW": "燦爛",
    "deDE": "Pracht",
    "esES": "Esplendor",
    "frFR": "Splendeur",
    "itIT": "Splendore",
    "koKR": "스플렌더",
    "plPL": "Splendor"
  },
  {
    "id": 20637,
    "Key": "Runeword132",
    "enUS": "Starlight",
    "zhTW": "星光",
    "deDE": "Sternenlicht",
    "esES": "Luz de las estrellas",
    "frFR": "Soleil",
    "itIT": "Luce delle Stelle",
    "koKR": "스타라이트",
    "plPL": "Światło gwiazd"
  },
  {
    "id": 20638,
    "Key": "Runeword133",
    "enUS": "Stealth",
    "zhTW": "隱密",
    "deDE": "Verstohlenheit",
    "esES": "Sigilo",
    "frFR": "Sillon",
    "itIT": "Furtività",
    "koKR": "스텔스",
    "plPL": "Skradanie się"
  },
  {
    "id": 20639,
    "Key": "Runeword134",
    "enUS": "Steel",
    "zhTW": "鋼鐵",
    "deDE": "Stahl",
    "esES": "Acero",
    "frFR": "Style",
    "itIT": "Acciaio",
    "koKR": "스틸",
    "plPL": "Stal"
  },
  {
    "id": 20640,
    "Key": "Runeword135",
    "enUS": "Still Water",
    "zhTW": "寂靜之水",
    "deDE": "Stilles Wasser",
    "esES": "Aguas tranquilas",
    "frFR": "Sérénité",
    "itIT": "Acqua Immobile",
    "koKR": "스틸 워터",
    "plPL": "Spokojna woda"
  },
  {
    "id": 20641,
    "Key": "Runeword136",
    "enUS": "Sting",
    "zhTW": "刺傷",
    "deDE": "Stachel",
    "esES": "Aguijón",
    "frFR": "Sabot",
    "itIT": "Pungiglione",
    "koKR": "스팅",
    "plPL": "Żądło"
  },
  {
    "id": 20642,
    "Key": "Runeword137",
    "enUS": "Stone",
    "zhTW": "石塊",
    "deDE": "Stein",
    "esES": "Roca",
    "frFR": "Sacrifice",
    "itIT": "Pietra",
    "koKR": "스톤",
    "plPL": "Kamień"
  },
  {
    "id": 20643,
    "Key": "Runeword138",
    "enUS": "Storm",
    "zhTW": "風暴",
    "deDE": "Sturm",
    "esES": "Tormenta",
    "frFR": "Sagesse",
    "itIT": "Ciclone",
    "koKR": "스톰",
    "plPL": "Burza"
  },
  {
    "id": 20644,
    "Key": "Runeword139",
    "enUS": "Strength",
    "zhTW": "力量",
    "deDE": "Stärke",
    "esES": "Fuerza",
    "frFR": "Safran",
    "itIT": "Forza",
    "koKR": "스트랭쓰",
    "plPL": "Siła"
  },
  {
    "id": 20645,
    "Key": "Runeword140",
    "enUS": "Tempest",
    "zhTW": "暴風雨",
    "deDE": "Orkan",
    "esES": "Tempestad",
    "frFR": "Tempête",
    "itIT": "Tempesta",
    "koKR": "템페스트",
    "plPL": "Burza"
  },
  {
    "id": 20646,
    "Key": "Runeword141",
    "enUS": "Temptation",
    "zhTW": "誘惑",
    "deDE": "Versuchung",
    "esES": "Tentación",
    "frFR": "Tentation",
    "itIT": "Tentazione",
    "koKR": "템프테이션",
    "plPL": "Kuszenie"
  },
  {
    "id": 20647,
    "Key": "Runeword142",
    "enUS": "Terror",
    "zhTW": "恐佈",
    "deDE": "Terror",
    "esES": "Terror",
    "frFR": "Terreur",
    "itIT": "Orrore",
    "koKR": "테러",
    "plPL": "Groza"
  },
  {
    "id": 20648,
    "Key": "Runeword143",
    "enUS": "Thirst",
    "zhTW": "飢餓",
    "deDE": "Durst",
    "esES": "Sed",
    "frFR": "Tabac",
    "itIT": "Sete",
    "koKR": "써스트",
    "plPL": "Pragnienie"
  },
  {
    "id": 20649,
    "Key": "Runeword144",
    "enUS": "Thought",
    "zhTW": "思維",
    "deDE": "Gedanke",
    "esES": "Pensamiento",
    "frFR": "Tyran",
    "itIT": "Pensiero",
    "koKR": "쏘우트",
    "plPL": "Myśl"
  },
  {
    "id": 20650,
    "Key": "Runeword145",
    "enUS": "Thunder",
    "zhTW": "雷電",
    "deDE": "Donner",
    "esES": "Truenos",
    "frFR": "Trouble",
    "itIT": "Tuono",
    "koKR": "선더",
    "plPL": "Grom"
  },
  {
    "id": 20651,
    "Key": "Runeword146",
    "enUS": "Time",
    "zhTW": "時間",
    "deDE": "Zeit",
    "esES": "Tiempo",
    "frFR": "Temps",
    "itIT": "Tempo",
    "koKR": "타임",
    "plPL": "Czas"
  },
  {
    "id": 20652,
    "Key": "Runeword147",
    "enUS": "Tradition",
    "zhTW": "傳統",
    "deDE": "Tradition",
    "esES": "Tradición",
    "frFR": "Tradition",
    "itIT": "Tradizione",
    "koKR": "트래디션",
    "plPL": "Tradycja"
  },
  {
    "id": 20653,
    "Key": "Runeword148",
    "enUS": "Treachery",
    "zhTW": "背信",
    "deDE": "Verrat",
    "esES": "Traición",
    "frFR": "Traîtrise",
    "itIT": "Tradimento",
    "koKR": "트랫셔리",
    "plPL": "Zdrada"
  },
  {
    "id": 20654,
    "Key": "Runeword149",
    "enUS": "Trust",
    "zhTW": "信任",
    "deDE": "Vertrauen",
    "esES": "Confianza",
    "frFR": "Trahison",
    "itIT": "Fiducia",
    "koKR": "트러스트",
    "plPL": "Zaufanie"
  },
  {
    "id": 20655,
    "Key": "Runeword150",
    "enUS": "Truth",
    "zhTW": "真實",
    "deDE": "Wahrheit",
    "esES": "Verdad",
    "frFR": "Tambourin",
    "itIT": "Verità",
    "koKR": "트루쓰",
    "plPL": "Prawda "
  },
  {
    "id": 20656,
    "Key": "Runeword151",
    "enUS": "Unbending Will",
    "zhTW": "堅定意志",
    "deDE": "Unbeugsamer Wille",
    "esES": "Voluntad de hierro",
    "frFR": "Urne",
    "itIT": "Volontà di Ferro",
    "koKR": "언벤딩 윌",
    "plPL": "Nieugięta wola"
  },
  {
    "id": 20657,
    "Key": "Runeword152",
    "enUS": "Valor",
    "zhTW": "英勇",
    "deDE": "Heldenmut",
    "esES": "Valor",
    "frFR": "Valeur",
    "itIT": "Valore",
    "koKR": "밸러",
    "plPL": "Odwaga"
  },
  {
    "id": 20658,
    "Key": "Runeword153",
    "enUS": "Vengeance",
    "zhTW": "復仇",
    "deDE": "Rache",
    "esES": "Venganza",
    "frFR": "Vengeance",
    "itIT": "Vendetta",
    "koKR": "벤전스",
    "plPL": "Zemsta"
  },
  {
    "id": 20659,
    "Key": "Runeword154",
    "enUS": "Venom",
    "zhTW": "毒牙",
    "deDE": "Geifer",
    "esES": "Veneno",
    "frFR": "Venin",
    "itIT": "Veleno",
    "koKR": "베넘",
    "plPL": "Jad"
  },
  {
    "id": 20660,
    "Key": "Runeword155",
    "enUS": "Victory",
    "zhTW": "勝利",
    "deDE": "Sieg",
    "esES": "Victoria",
    "frFR": "Victoire",
    "itIT": "Vittoria",
    "koKR": "빅토리",
    "plPL": "Zwycięstwo"
  },
  {
    "id": 20661,
    "Key": "Runeword156",
    "enUS": "Voice",
    "zhTW": "聲音",
    "deDE": "Stimme",
    "esES": "Voz  ",
    "frFR": "Voix",
    "itIT": "Voce della Ragione",
    "koKR": "보이스",
    "plPL": "Głos"
  },
  {
    "id": 20662,
    "Key": "Runeword157",
    "enUS": "Void",
    "zhTW": "虛無之",
    "deDE": "[ms]leerer[fs]leere[ns]leeres[pl]leere",
    "esES": "[fs]inválida[ms]inválido[fp]inválidas[mp]inválidos",
    "frFR": "[ms]nu[mp]nus[fs]nue[fp]nues",
    "itIT": "[ms]vuoto[fs]vuota[mp]vuoti[fp]vuote",
    "koKR": "보이드",
    "plPL": "Pustka"
  },
  {
    "id": 20663,
    "Key": "Runeword158",
    "enUS": "War",
    "zhTW": "戰爭",
    "deDE": "Krieg",
    "esES": "Guerra",
    "frFR": "Walhalla",
    "itIT": "Guerra",
    "koKR": "워",
    "plPL": "Wojna"
  },
  {
    "id": 20664,
    "Key": "Runeword159",
    "enUS": "Water",
    "zhTW": "清水",
    "deDE": "Wasser",
    "esES": "Agua ",
    "frFR": "Walkyrie",
    "itIT": "Acqua",
    "koKR": "워터",
    "plPL": "Woda"
  },
  {
    "id": 20665,
    "Key": "Runeword160",
    "enUS": "Wealth",
    "zhTW": "財富",
    "deDE": "Wohlstand",
    "esES": "Riqueza",
    "frFR": "Wisigothe",
    "itIT": "Ricchezza",
    "koKR": "웰쓰",
    "plPL": "Bogactwo"
  },
  {
    "id": 20666,
    "Key": "Runeword161",
    "enUS": "Whisper",
    "zhTW": "低語",
    "deDE": "Flüstern",
    "esES": "Susurro",
    "frFR": "Wapiti",
    "itIT": "Sussurro",
    "koKR": "휘스퍼",
    "plPL": "Szept"
  },
  {
    "id": 20667,
    "Key": "Runeword162",
    "enUS": "White",
    "zhTW": "白色",
    "deDE": "Weiß",
    "esES": "Blanco",
    "frFR": "Wali",
    "itIT": "Bianca",
    "koKR": "화이트",
    "plPL": "Biel"
  },
  {
    "id": 20668,
    "Key": "Runeword163",
    "enUS": "Wind",
    "zhTW": "輕風",
    "deDE": "Wind",
    "esES": "Viento",
    "frFR": "Wallaby",
    "itIT": "Vento",
    "koKR": "윈드",
    "plPL": "Wiatr"
  },
  {
    "id": 20669,
    "Key": "Runeword164",
    "enUS": "Wings of Hope",
    "zhTW": "希望之翼",
    "deDE": "Schwingen der Hoffnung",
    "esES": "Alas de esperanza",
    "frFR": "Wax",
    "itIT": "Ali della Speranza",
    "koKR": "윙스 오브 호프",
    "plPL": "Wiatr Nadziei"
  },
  {
    "id": 20670,
    "Key": "Runeword165",
    "enUS": "Wisdom",
    "zhTW": "智慧",
    "deDE": "Weisheit",
    "esES": "Sabiduría",
    "frFR": "Wharf",
    "itIT": "Saggezza",
    "koKR": "위즈덤",
    "plPL": "Mądrość"
  },
  {
    "id": 20671,
    "Key": "Runeword166",
    "enUS": "Woe",
    "zhTW": "悲痛",
    "deDE": "Unglück",
    "esES": "Aflicción",
    "frFR": "Wolfram",
    "itIT": "Pena",
    "koKR": "우우",
    "plPL": "Nieszczęście"
  },
  {
    "id": 20672,
    "Key": "Runeword167",
    "enUS": "Wonder",
    "zhTW": "驚奇",
    "deDE": "Wunder",
    "esES": "Asombro",
    "frFR": "Wigwam",
    "itIT": "Meraviglia",
    "koKR": "원더",
    "plPL": "Cud"
  },
  {
    "id": 20673,
    "Key": "Runeword168",
    "enUS": "Wrath",
    "zhTW": "憤怒",
    "deDE": "Wut",
    "esES": "Ira",
    "frFR": "Wendigo",
    "itIT": "Ira",
    "koKR": "래쓰",
    "plPL": "Gniew"
  },
  {
    "id": 20674,
    "Key": "Runeword169",
    "enUS": "Youth",
    "zhTW": "年輕",
    "deDE": "Jugend",
    "esES": "Juventud",
    "frFR": "Yoga",
    "itIT": "Gioventù",
    "koKR": "유쓰",
    "plPL": "Młodość"
  },
  {
    "id": 20675,
    "Key": "Runeword170",
    "enUS": "Zephyr",
    "zhTW": "和風",
    "deDE": "Zephyr",
    "esES": "Céfiro",
    "frFR": "Zéphyr",
    "itIT": "Zaffiro",
    "koKR": "제퍼",
    "plPL": "Zefir"
  }
]
